TEAM_ID,TEAM_NAME,GP,W,L,W_PCT,MIN,E_OFF_RATING,OFF_RATING,E_DEF_RATING,DEF_RATING,E_NET_RATING,NET_RATING,AST_PCT,AST_TO,AST_RATIO,OREB_PCT,DREB_PCT,REB_PCT,TM_TOV_PCT,EFG_PCT,TS_PCT,E_PACE,PACE,PACE_PER40,POSS,PIE,GP_RANK,W_RANK,L_RANK,W_PCT_RANK,MIN_RANK,OFF_RATING_RANK,DEF_RATING_RANK,NET_RATING_RANK,AST_PCT_RANK,AST_TO_RANK,AST_RATIO_RANK,OREB_PCT_RANK,DREB_PCT_RANK,REB_PCT_RANK,TM_TOV_PCT_RANK,EFG_PCT_RANK,TS_PCT_RANK,PACE_RANK,PIE_RANK
1610612737,Atlanta Hawks,82,37,45,0.451,3971.0,104.0,105.5,105.9,107.3,-2.0,-1.8,0.606,1.48,17.0,0.329,0.682,0.506,0.16,0.483,0.535,93.6,92.35,76.96,7634,0.498,1,19,19,19,5,16,18,19,10,17,12,4,26,9,27,21,17,18,14
1610612738,Boston Celtics,82,66,16,0.805,3951.0,107.6,108.8,96.2,98.1,11.5,10.8,0.614,1.47,17.6,0.306,0.707,0.518,0.164,0.522,0.569,93.3,91.88,76.57,7575,0.581,1,1,1,1,22,11,1,1,7,18,8,12,9,4,29,5,5,19,1
1610612766,Charlotte Bobcats,82,32,50,0.39,3976.0,102.1,103.7,106.8,108.2,-4.7,-4.5,0.591,1.45,16.6,0.294,0.674,0.483,0.157,0.492,0.532,94.1,92.75,77.29,7678,0.469,1,23,23,23,3,23,22,22,13,22,18,20,28,27,22,16,18,16,23
1610612741,Chicago Bulls,82,33,49,0.402,3961.0,101.0,102.9,104.2,106.0,-3.2,-3.1,0.606,1.51,16.7,0.325,0.687,0.5,0.154,0.47,0.515,95.7,94.04,78.37,7754,0.48,1,22,22,22,14,25,14,21,11,14,16,7,23,19,17,28,29,10,21
1610612739,Cleveland Cavaliers,82,45,37,0.549,3971.0,103.2,104.8,103.7,105.4,-0.5,-0.6,0.558,1.43,15.7,0.334,0.715,0.518,0.152,0.48,0.52,92.5,91.06,75.89,7540,0.49,1,13,13,13,5,20,11,16,22,23,25,2,4,3,14,26,25,25,17
1610612742,Dallas Mavericks,82,51,31,0.622,3946.0,108.6,109.5,103.1,104.7,5.4,4.8,0.569,1.66,16.7,0.3,0.716,0.514,0.138,0.502,0.554,92.5,91.38,76.15,7518,0.536,1,10,10,10,25,8,8,10,19,10,15,17,3,6,5,12,8,22,6
1610612743,Denver Nuggets,82,50,32,0.61,3971.0,107.6,108.9,103.2,105.5,4.4,3.4,0.612,1.68,17.7,0.292,0.686,0.494,0.144,0.51,0.557,102.3,100.58,83.82,8330,0.529,1,11,11,11,5,9,12,11,8,8,7,21,24,21,9,9,6,1,10
1610612765,Detroit Pistons,82,59,23,0.72,3946.0,108.0,109.8,100.0,101.5,8.0,8.3,0.611,1.92,17.8,0.327,0.7,0.513,0.131,0.495,0.539,89.9,88.54,73.79,7279,0.552,1,2,2,2,25,7,4,2,9,2,6,5,16,7,4,15,15,30,4
1610612744,Golden State Warriors,82,48,34,0.585,3956.0,109.1,110.4,106.6,108.5,2.6,1.9,0.539,1.69,16.3,0.301,0.672,0.481,0.131,0.511,0.548,101.4,99.96,83.3,8249,0.496,1,12,12,12,18,5,24,13,25,7,22,15,30,29,3,7,10,2,15
1610612745,Houston Rockets,82,55,27,0.671,3946.0,103.9,105.4,98.8,100.5,5.0,4.8,0.585,1.56,16.8,0.323,0.711,0.519,0.15,0.492,0.528,92.9,91.42,76.18,7525,0.535,1,6,6,6,25,17,2,9,16,13,14,8,5,2,12,17,21,21,7
1610612754,Indiana Pacers,82,36,46,0.439,3951.0,103.7,105.1,104.6,106.3,-0.9,-1.2,0.601,1.51,16.9,0.278,0.701,0.487,0.152,0.498,0.54,100.1,98.64,82.2,8111,0.485,1,20,20,20,22,19,15,18,12,15,13,23,15,25,15,14,13,3,19
1610612746,Los Angeles Clippers,82,23,59,0.28,3961.0,98.8,99.9,106.4,107.4,-7.6,-7.5,0.614,1.47,16.7,0.267,0.703,0.484,0.153,0.465,0.519,94.3,93.38,77.82,7698,0.461,1,25,25,25,14,28,19,28,6,19,17,28,13,26,16,30,26,12,24
1610612747,Los Angeles Lakers,82,57,25,0.695,3956.0,110.3,111.7,102.8,104.3,7.4,7.3,0.617,1.73,18.1,0.297,0.702,0.507,0.145,0.525,0.57,98.0,96.7,80.58,7974,0.551,1,3,3,3,18,3,5,3,5,6,4,19,14,8,10,4,4,6,5
1610612763,Memphis Grizzlies,82,22,60,0.268,3961.0,102.4,103.9,109.2,110.2,-6.8,-6.3,0.514,1.26,14.9,0.277,0.706,0.489,0.157,0.5,0.539,97.5,96.33,80.27,7945,0.451,1,27,27,27,14,22,28,24,30,29,28,24,11,24,23,13,14,7,26
1610612748,Miami Heat,82,15,67,0.183,3966.0,98.1,99.4,107.1,108.8,-9.0,-9.4,0.585,1.37,16.3,0.264,0.681,0.47,0.159,0.482,0.522,92.5,91.24,76.03,7538,0.445,1,30,30,30,9,30,26,30,15,26,21,29,27,30,25,24,23,24,28
1610612749,Milwaukee Bucks,82,26,56,0.317,3971.0,102.4,103.9,109.8,111.1,-7.5,-7.2,0.582,1.45,16.5,0.332,0.694,0.506,0.158,0.482,0.522,93.8,92.61,77.17,7654,0.452,1,24,24,24,5,21,30,26,18,20,19,3,20,10,24,23,22,17,25
1610612750,Minnesota Timberwolves,82,22,60,0.268,3946.0,100.7,102.7,108.9,110.0,-8.2,-7.3,0.53,1.37,15.6,0.314,0.703,0.501,0.156,0.484,0.518,94.2,92.84,77.37,7632,0.435,1,27,27,27,25,26,27,27,27,25,26,11,12,17,21,20,27,14,30
1610612751,New Jersey Nets,82,34,48,0.415,3966.0,101.4,102.3,106.6,107.7,-5.2,-5.4,0.674,1.57,18.0,0.3,0.706,0.502,0.16,0.481,0.528,93.9,92.96,77.46,7679,0.475,1,21,21,21,9,27,20,23,1,12,5,16,10,16,26,25,20,13,22
1610612740,New Orleans Hornets,82,56,26,0.683,3961.0,109.0,110.0,102.9,104.4,6.2,5.6,0.564,1.83,17.2,0.3,0.717,0.506,0.13,0.512,0.548,92.1,91.04,75.86,7517,0.526,1,4,4,4,14,6,6,5,20,4,9,18,2,11,2,6,11,26,11
1610612752,New York Knicks,82,23,59,0.28,3976.0,101.4,103.5,109.6,110.4,-8.2,-6.8,0.516,1.29,14.7,0.321,0.697,0.502,0.155,0.475,0.518,94.1,92.76,77.3,7676,0.44,1,25,25,25,3,24,29,25,28,28,30,9,18,14,19,27,28,15,29
1610612753,Orlando Magic,82,52,30,0.634,3956.0,109.0,110.4,102.7,104.9,6.3,5.6,0.558,1.45,16.4,0.274,0.709,0.501,0.151,0.537,0.575,95.6,94.02,78.35,7757,0.529,1,9,9,9,18,4,10,6,23,21,20,25,7,18,13,2,2,11,9
1610612755,Philadelphia 76ers,82,40,42,0.488,3951.0,103.0,105.1,103.4,104.7,-0.4,0.5,0.547,1.43,15.9,0.351,0.688,0.515,0.156,0.482,0.522,93.1,91.56,76.3,7536,0.5,1,17,17,17,22,18,7,14,24,24,23,1,22,5,20,22,24,20,13
1610612756,Phoenix Suns,82,55,27,0.671,3956.0,111.2,112.0,104.9,107.0,6.3,5.0,0.645,1.85,19.7,0.253,0.674,0.481,0.147,0.551,0.59,99.0,97.72,81.43,8058,0.556,1,6,6,6,18,2,17,8,3,3,1,30,29,28,11,1,1,4,2
1610612757,Portland Trail Blazers,82,41,41,0.5,3981.0,104.1,105.9,105.5,106.8,-1.4,-0.8,0.59,1.64,17.0,0.303,0.684,0.495,0.143,0.489,0.532,90.4,89.1,74.25,7381,0.495,1,15,15,15,1,15,16,17,14,11,11,14,25,20,7,18,19,29,16
1610612758,Sacramento Kings,82,38,44,0.463,3966.0,104.5,106.2,107.2,108.6,-2.7,-2.4,0.515,1.19,14.9,0.29,0.689,0.493,0.166,0.503,0.556,97.2,95.81,79.84,7920,0.483,1,18,18,18,9,13,25,20,29,30,29,22,21,22,30,11,7,8,20
1610612759,San Antonio Spurs,82,56,26,0.683,3946.0,104.7,106.0,99.5,100.7,5.2,5.3,0.585,1.66,17.1,0.268,0.733,0.503,0.14,0.504,0.543,90.8,89.72,74.77,7377,0.533,1,4,4,4,25,14,3,7,17,9,10,27,1,12,6,10,12,28,8
1610612760,Seattle SuperSonics,82,20,62,0.244,3966.0,97.6,99.6,106.9,108.3,-9.2,-8.6,0.559,1.33,15.9,0.305,0.7,0.502,0.163,0.467,0.509,98.9,97.32,81.1,8030,0.45,1,29,29,29,9,29,23,29,21,27,24,13,17,15,28,29,30,5,27
1610612761,Toronto Raptors,82,41,41,0.5,3966.0,107.7,108.9,104.3,105.6,3.5,3.3,0.62,2.04,18.7,0.269,0.709,0.489,0.127,0.511,0.551,92.4,91.35,76.13,7543,0.519,1,15,15,15,9,10,13,12,4,1,3,26,8,23,1,8,9,23,12
1610612762,Utah Jazz,82,54,28,0.659,3941.0,110.8,112.1,104.0,104.9,6.8,7.2,0.66,1.8,19.6,0.327,0.71,0.521,0.154,0.528,0.573,95.6,94.64,78.86,7773,0.556,1,8,8,8,30,1,9,4,2,5,2,6,6,1,18,3,3,9,3
1610612764,Washington Wizards,82,43,39,0.524,3981.0,106.0,107.6,106.8,107.9,-0.8,-0.3,0.538,1.49,15.6,0.32,0.695,0.503,0.144,0.489,0.535,92.0,90.85,75.71,7533,0.488,1,14,14,14,1,12,21,15,26,16,27,10,19,13,8,19,16,27,18
